full_name,age,gender,email,city,state,country,phone,signup_date
Albert Danchuk,69,male,albert.danchuk@example.com,Kiliya,Donecka,Ukraine,099700678,2016-01-26 07:19:32
Nick Turner,74,male,nick.turner@example.com,Donabate,Waterford,Ireland,(031) 377-4957,2007-01-06 15:30:42
Dora Richards,75,female,dora.richards@example.com,Townsville,South Australia,Australia,(071) 271-2868,2006-07-03 03:09:38
Ricardo Lozano,34,male,ricardo.lozano@example.com,Torrente,Región de Murcia,Spain,977772700,2015-06-26 23:06:08
Ronnie Gray,26,male,ronnie.gray@example.com,Lichfield,Buckinghamshire,United Kingdom,(016) 973-08579,2004-05-26 01:27:14
Gabe Mason,77,male,gabe.mason@example.com,Grand Prairie,Texas,United States,(755) 420-8816,2006-05-24 16:42:58
Mana Reimink,33,female,mana.reimink@example.com,Tuk,Groningen,Netherlands,(004) 689-2694,2021-07-17 00:34:51
Léandro Simon,39,male,leandro.simon@example.com,Pau,Calvados,France,(030) 767-9052,2021-05-01 15:40:32
Alicia Lavigne,30,female,alicia.lavigne@example.com,Campbellton,Saskatchewan,Canada,32059272,2004-09-12 20:27:57
Archer Green,55,male,archer.green@example.com,Timaru,Wellington,New Zealand,(132) 722-9479,2011-02-27 23:13:47
Mark Lucas,79,male,mark.lucas@example.com,Bourg-en-Lavaux,Aargau,Switzerland,(076) 808-7080,2008-12-21 10:39:08
Cornelia Roy,38,female,cornelia.roy@example.com,Unterramsern,Solothurn,Switzerland,(077) 577-3526,2016-10-24 14:45:31
Ming Hofstra,49,male,ming.hofstra@example.com,Born,Flevoland,Netherlands,(046) 197-3620,2015-08-04 19:25:15
Tracy White,70,female,tracy.white@example.com,Red Bluff,South Dakota,United States,(278) 520-1709,2002-07-17 20:13:06
Marco Antonio Riojas,80,male,marcoantonio.riojas@example.com,San Felipe Aztatán,Campeche,Mexico,(618) 005-9612,2014-02-23 13:54:16
